<?xml version="1.0" encoding="utf-8"?>
<productAdditionalComps>
   <dependsOn>
      <component>
         <name>MAPIsoftware_App</name>
         <locale/>
         <platformList>
            <platform>maca64</platform>
         </platformList>
         <version>4.3</version>
      </component>
   </dependsOn>
   <isControllingProduct>true</isControllingProduct>
   <platform>maca64</platform>
   <productName>MAPIsoftware_App</productName>
   <productNumber>5000</productNumber>
   <productBaseCode>MAPIsoftware_App</productBaseCode>
   <productVersion>4.3</productVersion>
   <releaseFamily>R2024a</releaseFamily>
   <releaseDescription>R2024a</releaseDescription>
</productAdditionalComps>